City_ID,City,Lat,Lng,Max Temp,Humidity,Cloudiness,Wind Speed,Country,Date
0,Nambucca Heads,-30.65,153.0,48.99,93,40,1.12,AU,2020-06-29 17:20:11
1,Jamestown,42.1,-79.24,80.01,53,20,4.7,US,2020-06-29 17:11:21
2,Rikitea,-23.12,-134.97,68.76,56,95,15.1,PF,2020-06-29 17:11:15
3,Yar-Sale,66.83,70.83,52.84,90,79,4.47,RU,2020-06-29 17:20:11
4,Sarangani,5.4,125.46,81.63,68,71,1.99,PH,2020-06-29 17:20:11
5,New Norfolk,-42.78,147.06,43.0,92,0,1.88,AU,2020-06-29 17:11:35
6,Butaritari,3.07,172.79,82.99,64,98,7.27,KI,2020-06-29 17:11:21
7,Port Lincoln,-34.73,135.87,56.12,43,78,16.55,AU,2020-06-29 17:11:34
8,El Alto,-4.27,-81.21,77.0,61,6,16.11,PE,2020-06-29 17:20:11
9,Minatitlan,17.98,-94.52,89.6,66,40,2.24,MX,2020-06-29 17:20:12
10,Vallenar,-28.57,-70.76,64.72,38,100,5.86,CL,2020-06-29 17:11:35
11,Meulaboh,4.14,96.13,77.83,86,92,3.56,ID,2020-06-29 17:11:16
12,Bonthe,7.53,-12.51,80.89,80,98,13.24,SL,2020-06-29 17:20:12
13,Lichinga,-13.31,35.24,62.01,70,80,7.11,MZ,2020-06-29 17:20:12
14,Ust-Koksa,50.27,85.61,50.99,58,100,0.81,RU,2020-06-29 17:12:26
15,Saint George,37.1,-113.58,75.0,27,1,9.17,US,2020-06-29 17:07:27
16,Teya,60.38,92.63,53.53,91,100,2.35,RU,2020-06-29 17:20:13
17,Kavaratti,10.57,72.64,83.84,81,100,19.08,IN,2020-06-29 17:20:13
18,Barrow,71.29,-156.79,41.0,80,1,14.99,US,2020-06-29 17:11:25
19,Mataura,-46.19,168.86,39.0,83,97,3.0,NZ,2020-06-29 17:11:12
20,Srikakulam,18.3,83.9,84.04,84,100,7.58,IN,2020-06-29 17:20:13
21,Pringsewu,-5.36,104.97,72.43,92,52,1.54,ID,2020-06-29 17:20:13
22,Port Hedland,-20.32,118.57,60.8,72,2,5.82,AU,2020-06-29 17:20:13
23,Kuytun,54.34,101.5,62.92,91,23,5.55,RU,2020-06-29 17:20:13
24,Barranca,-10.75,-77.77,66.79,70,89,10.85,PE,2020-06-29 17:20:14
25,Havelock,34.88,-76.9,89.6,52,75,4.76,US,2020-06-29 17:11:28
26,Havre-Saint-Pierre,50.23,-63.6,62.6,77,1,12.75,CA,2020-06-29 17:12:01
27,Orneta,54.11,20.13,60.21,96,100,4.25,PL,2020-06-29 17:20:14
28,Punta Arenas,-53.15,-70.92,30.2,92,75,4.7,CL,2020-06-29 17:10:24
29,Vanimo,-2.67,141.3,78.22,81,100,4.65,PG,2020-06-29 17:12:00
30,Aguimes,27.91,-15.45,78.01,65,20,33.33,ES,2020-06-29 17:20:14
31,Bengkulu,-3.8,102.27,77.45,90,59,6.15,ID,2020-06-29 17:11:34
32,Cape Town,-33.93,18.42,60.01,93,75,4.7,ZA,2020-06-29 17:09:45
33,Ushuaia,-54.8,-68.3,33.8,80,75,10.29,AR,2020-06-29 17:08:14
34,Bluff,-46.6,168.33,39.0,83,99,3.0,NZ,2020-06-29 17:11:29
35,Hofn,64.25,-15.21,55.4,62,75,13.87,IS,2020-06-29 17:11:29
36,Provideniya,64.38,-173.3,40.05,72,23,6.91,RU,2020-06-29 17:11:29
37,Dekar,-21.53,21.93,57.51,32,0,6.38,BW,2020-06-29 17:20:15
38,Mnogovershinnyy,53.94,139.92,41.14,100,95,0.65,RU,2020-06-29 17:20:15
39,Sinegorye,62.08,150.48,51.13,86,95,7.94,RU,2020-06-29 17:20:15
40,Tuktoyaktuk,69.45,-133.04,48.2,66,40,8.05,CA,2020-06-29 17:11:22
41,Aklavik,68.22,-135.01,60.8,44,40,6.93,CA,2020-06-29 17:11:28
42,Ankpa,7.37,7.63,78.3,88,89,1.63,NG,2020-06-29 17:20:15
43,Hithadhoo,-0.6,73.08,85.5,67,58,5.53,MV,2020-06-29 17:11:27
44,Kapaa,22.08,-159.32,75.0,94,75,5.82,US,2020-06-29 17:11:12
45,Busselton,-33.65,115.33,57.99,62,73,16.67,AU,2020-06-29 17:11:11
46,Tasiilaq,65.61,-37.64,48.2,76,75,6.93,GL,2020-06-29 17:11:20
47,Mbulu,-3.85,35.53,60.44,52,81,9.66,TZ,2020-06-29 17:20:15
48,Cayenne,4.93,-52.33,86.0,74,28,4.7,GF,2020-06-29 17:11:29
49,Puerto Ayora,-0.74,-90.35,77.0,65,75,14.99,EC,2020-06-29 17:11:24
50,Gaoual,11.75,-13.2,91.85,53,83,5.88,GN,2020-06-29 17:20:16
51,Port Alfred,-33.59,26.89,63.0,79,56,8.01,ZA,2020-06-29 17:11:17
52,Hilo,19.73,-155.09,71.6,64,90,6.93,US,2020-06-29 17:08:29
53,Dahra,36.25,0.85,105.8,16,0,10.29,DZ,2020-06-29 17:20:16
54,Boma,7.08,-2.17,77.97,93,62,2.86,GH,2020-06-29 17:20:16
55,Mamlyutka,54.94,68.54,49.24,90,17,8.12,KZ,2020-06-29 17:20:16
56,Ilulissat,69.22,-51.1,39.2,86,90,3.36,GL,2020-06-29 17:11:15
57,Kaitangata,-46.28,169.85,45.0,69,96,5.99,NZ,2020-06-29 17:11:22
58,Beian,63.66,9.57,59.0,87,75,8.05,NO,2020-06-29 17:20:16
59,Katsuura,35.13,140.3,75.0,91,100,9.26,JP,2020-06-29 17:11:21
60,Hambantota,6.12,81.12,82.31,78,82,15.35,LK,2020-06-29 17:11:35
61,Ribeira Grande,38.52,-28.7,75.2,78,40,9.17,PT,2020-06-29 17:11:12
62,Avarua,-21.21,-159.78,73.4,83,76,18.34,CK,2020-06-29 17:07:03
63,Lompoc,34.64,-120.46,64.99,59,43,3.96,US,2020-06-29 17:09:32
64,Faya,18.39,42.45,78.8,61,40,9.17,SA,2020-06-29 17:11:37
65,Seoul,37.57,126.98,68.0,100,90,10.29,KR,2020-06-29 17:19:37
66,Port Elizabeth,-33.92,25.57,60.8,82,59,20.8,ZA,2020-06-29 17:10:27
67,Klaksvik,62.23,-6.59,60.8,67,28,9.17,FO,2020-06-29 17:11:25
68,Ust-Karsk,52.7,118.81,63.1,65,53,0.98,RU,2020-06-29 17:20:17
69,Albany,42.6,-73.97,81.0,68,18,7.29,US,2020-06-29 17:10:03
70,Zonguldak,41.25,31.83,63.75,73,0,2.64,TR,2020-06-29 17:20:17
71,Dikson,73.51,80.55,50.2,69,23,17.72,RU,2020-06-29 17:11:14
72,Quatre Cocos,-20.21,57.76,69.8,88,75,2.24,MU,2020-06-29 17:12:12
73,Sabla,12.75,4.71,95.65,36,54,4.65,NG,2020-06-29 17:20:17
74,Mizdah,31.45,12.98,97.68,16,2,20.94,LY,2020-06-29 17:20:18
75,Tiksi,71.69,128.87,44.44,62,53,7.58,RU,2020-06-29 17:11:44
76,Vaini,-21.2,-175.2,77.0,94,90,6.93,TO,2020-06-29 17:11:25
77,Harper,4.38,-7.72,77.99,79,72,11.83,LR,2020-06-29 17:11:40
78,East London,-33.02,27.91,67.15,51,38,19.17,ZA,2020-06-29 17:10:45
79,Hermanus,-34.42,19.23,57.0,93,84,4.5,ZA,2020-06-29 17:11:13
80,Hervey Bay,-25.3,152.85,57.99,89,0,5.01,AU,2020-06-29 17:20:18
81,Denpasar,-8.65,115.22,78.8,100,20,9.17,ID,2020-06-29 17:09:37
82,Abu Kamal,34.45,40.92,95.43,14,0,12.71,SY,2020-06-29 17:20:18
83,Ancud,-41.87,-73.82,46.4,93,75,4.7,CL,2020-06-29 17:11:12
84,Guerrero Negro,27.98,-114.06,70.63,62,52,8.79,MX,2020-06-29 17:07:36
85,Lebu,-37.62,-73.65,50.13,92,100,7.94,CL,2020-06-29 17:11:13
86,Frutal,-20.02,-48.94,81.1,47,98,9.64,BR,2020-06-29 17:20:20
87,Mahebourg,-20.41,57.7,69.8,88,75,2.24,MU,2020-06-29 17:11:14
88,Polyarnyy,69.2,33.45,46.4,75,75,8.95,RU,2020-06-29 17:20:20
89,Leh,34.17,77.58,60.22,29,3,4.92,IN,2020-06-29 17:20:20
90,Flinders,-34.58,150.86,50.0,88,30,4.7,AU,2020-06-29 17:20:20
91,San Andres,12.58,-81.7,82.4,78,75,10.29,CO,2020-06-29 17:15:49
92,Meadow Lake,34.8,-106.54,80.6,15,1,10.29,US,2020-06-29 17:20:20
93,Jishu,44.32,126.8,61.66,93,100,5.64,CN,2020-06-29 17:20:21
94,Atuona,-9.8,-139.03,79.59,77,11,15.03,PF,2020-06-29 17:11:12
95,Hobart,-42.88,147.33,43.0,93,0,5.82,AU,2020-06-29 17:09:15
96,Georgetown,5.41,100.34,82.4,88,20,3.36,MY,2020-06-29 17:10:04
97,Teterow,53.78,12.57,66.2,55,75,10.29,DE,2020-06-29 17:20:21
98,Sao Filipe,14.9,-24.5,79.02,61,0,17.11,CV,2020-06-29 17:11:37
99,Fortuna,40.6,-124.16,64.0,76,20,8.05,US,2020-06-29 17:11:46
100,Bandarban,22.2,92.23,82.4,88,75,2.91,BD,2020-06-29 17:20:21
101,Pochutla,15.74,-96.47,88.0,58,75,6.93,MX,2020-06-29 17:20:22
102,Yellowknife,62.46,-114.35,69.01,48,20,10.29,CA,2020-06-29 17:10:41
103,Ambilobe,-13.2,49.05,72.27,81,59,1.45,MG,2020-06-29 17:20:22
104,Pangnirtung,66.15,-65.71,42.8,81,40,12.75,CA,2020-06-29 17:11:54
105,Paranaiba,-19.68,-51.19,81.55,47,85,9.86,BR,2020-06-29 17:16:48
106,Nelson Bay,-32.72,152.15,48.99,100,40,2.84,AU,2020-06-29 17:20:22
107,Kharan,28.58,65.42,95.97,11,4,6.08,PK,2020-06-29 17:20:22
108,Victoria,22.29,114.16,82.0,80,100,3.0,HK,2020-06-29 17:10:26
109,Thompson,55.74,-97.86,53.6,93,90,4.7,CA,2020-06-29 17:11:16
110,Lermontovka,47.15,134.34,58.15,94,25,3.04,RU,2020-06-29 17:20:22
111,Carnarvon,-24.87,113.63,62.6,100,90,4.7,AU,2020-06-29 17:11:21
112,Gayny,60.31,54.32,46.47,85,98,4.5,RU,2020-06-29 17:20:22
113,Wanning,18.8,110.4,80.96,88,93,6.55,CN,2020-06-29 17:20:23
114,Badiraguato,25.37,-107.52,93.99,55,40,5.82,MX,2020-06-29 17:20:23
115,Inhambane,-23.86,35.38,68.0,72,20,3.36,MZ,2020-06-29 17:20:23
116,Bredasdorp,-34.53,20.04,59.0,82,83,6.93,ZA,2020-06-29 17:11:23
117,Codrington,-38.27,141.97,42.1,90,95,9.53,AU,2020-06-29 17:11:54
118,Nikolskoye,59.7,30.79,71.6,43,88,6.71,RU,2020-06-29 17:11:47
119,Praya,14.92,-23.51,86.0,51,20,17.22,CV,2020-06-29 17:11:15
120,Chuncheng,22.17,111.79,76.89,89,98,2.37,CN,2020-06-29 17:20:23
121,Portland,45.52,-122.68,62.01,72,75,5.82,US,2020-06-29 17:09:18
122,Pisco,-13.7,-76.22,64.99,82,90,6.93,PE,2020-06-29 17:06:50
123,Lashio,22.93,97.75,69.73,99,50,1.5,MM,2020-06-29 17:20:23
124,Shitanjing,39.23,106.34,72.43,36,0,4.47,CN,2020-06-29 17:20:23
125,Torbay,47.67,-52.73,68.0,77,90,10.29,CA,2020-06-29 17:11:28
126,Alofi,-19.06,-169.92,75.2,88,75,5.82,NU,2020-06-29 17:12:27
127,Upernavik,72.79,-56.15,39.92,72,100,5.28,GL,2020-06-29 17:11:43
128,Petauke,-14.24,31.33,72.99,34,88,8.46,ZM,2020-06-29 17:20:24
129,Tolaga Bay,-38.37,178.3,50.79,94,100,6.62,NZ,2020-06-29 17:20:24
130,Sesheke,-17.48,24.3,71.6,26,0,1.12,ZM,2020-06-29 17:20:24
131,Santa Cruz Del Norte,23.15,-81.92,89.6,59,40,3.36,CU,2020-06-29 17:20:24
132,College,64.86,-147.8,55.0,81,75,6.11,US,2020-06-29 17:11:48
133,Santa Isabel,-23.32,-46.22,69.8,68,20,11.41,BR,2020-06-29 17:20:24
134,Saint-Joseph,-21.37,55.62,70.0,77,27,3.36,RE,2020-06-29 17:20:24
135,Nivala,63.92,24.97,70.0,56,69,8.01,FI,2020-06-29 17:20:25
136,Tiznit,29.58,-9.5,84.38,41,0,8.79,MA,2020-06-29 17:12:27
137,Pacifica,37.61,-122.49,68.0,63,1,5.82,US,2020-06-29 17:17:32
138,Ihiala,5.85,6.86,76.59,91,88,6.58,NG,2020-06-29 17:20:25
139,Wattegama,6.8,81.48,80.19,72,73,8.63,LK,2020-06-29 17:20:06
140,Gimli,50.63,-96.99,86.0,44,71,5.99,CA,2020-06-29 17:20:25
141,Japura,-0.32,102.35,75.61,91,60,2.44,ID,2020-06-29 17:20:25
142,Spirovo,57.42,34.98,61.97,67,0,5.41,RU,2020-06-29 17:20:25
143,La Tuque,47.43,-72.78,64.42,90,100,3.15,CA,2020-06-29 17:20:25
144,Souillac,-20.52,57.52,69.8,88,75,2.24,MU,2020-06-29 17:11:14
145,Kangaatsiaq,68.31,-53.46,40.15,89,85,5.39,GL,2020-06-29 17:20:26
146,Tuatapere,-46.13,167.68,39.0,83,95,3.0,NZ,2020-06-29 17:11:41
147,Vila Velha,-20.33,-40.29,71.6,88,90,11.41,BR,2020-06-29 17:11:27
148,Peterborough,52.57,-0.25,60.8,59,100,21.92,GB,2020-06-29 17:20:26
149,Broken Hill,-31.95,141.43,41.0,65,0,9.17,AU,2020-06-29 17:20:26
150,Yarmouth,41.71,-70.23,75.99,90,99,14.54,US,2020-06-29 17:20:26
151,Qaanaaq,77.48,-69.36,44.1,61,0,4.25,GL,2020-06-29 17:11:14
152,Kutum,14.2,24.67,84.45,30,84,7.45,SD,2020-06-29 17:20:26
153,Priargunsk,50.37,119.1,60.08,76,42,3.38,RU,2020-06-29 17:15:31
154,Balabac,7.99,117.06,82.58,81,100,10.18,PH,2020-06-29 17:20:27
155,Santa Cruz,-17.8,-63.17,73.4,60,40,14.99,BO,2020-06-29 17:16:07
156,Caravelas,-17.71,-39.25,76.89,71,44,14.14,BR,2020-06-29 17:20:27
157,Amapa,1.0,-52.0,82.99,87,14,2.84,BR,2020-06-29 17:20:27
158,Kushiro,42.98,144.37,54.25,91,100,2.91,JP,2020-06-29 17:20:27
159,Muisne,0.6,-80.03,82.4,78,75,8.05,EC,2020-06-29 17:16:05
160,Pevek,69.7,170.31,32.2,95,37,3.51,RU,2020-06-29 17:11:40
161,Juneau,58.3,-134.42,53.01,87,90,1.41,US,2020-06-29 17:20:27
162,Kedrovyy,56.17,91.82,53.6,93,40,4.47,RU,2020-06-29 17:20:27
163,Berlevag,70.86,29.09,40.69,73,85,13.4,NO,2020-06-29 17:11:46
164,Quelimane,-17.88,36.89,75.2,88,75,10.29,MZ,2020-06-29 17:12:03
165,Kabo,7.7,18.63,76.84,87,90,4.52,CF,2020-06-29 17:20:28
166,Qaqortoq,60.72,-46.03,53.6,54,40,11.41,GL,2020-06-29 17:19:44
167,Madisonville,37.33,-87.5,88.0,62,40,6.93,US,2020-06-29 17:18:47
168,Muros,42.78,-9.06,77.0,48,11,11.01,ES,2020-06-29 17:12:06
169,Kodiak,57.79,-152.41,50.0,81,1,3.58,US,2020-06-29 17:10:27
170,Kahului,20.89,-156.47,75.99,73,20,4.7,US,2020-06-29 17:11:59
171,Castro,-24.79,-50.01,61.0,77,100,8.32,BR,2020-06-29 17:11:21
172,Kupang,-10.17,123.58,73.27,83,80,10.07,ID,2020-06-29 17:20:28
173,Chokurdakh,70.63,147.92,44.73,59,91,7.94,RU,2020-06-29 17:11:12
174,Ketchikan,55.34,-131.65,53.6,87,90,6.93,US,2020-06-29 17:20:28
175,Severo-Kurilsk,50.68,156.12,48.07,89,100,10.09,RU,2020-06-29 17:11:48
176,Torit,4.41,32.57,75.76,74,54,3.38,SS,2020-06-29 17:20:29
177,Komsomolskiy,40.43,71.72,73.4,35,99,2.24,UZ,2020-06-29 17:20:29
178,Vardo,70.37,31.11,42.8,70,75,9.17,NO,2020-06-29 17:10:45
179,Port Hardy,50.7,-127.42,59.0,77,40,5.82,CA,2020-06-29 17:11:50
180,Nazas,25.23,-104.13,82.9,33,100,2.71,MX,2020-06-29 17:20:29
181,Medeiros Neto,-17.37,-40.22,74.68,73,85,13.76,BR,2020-06-29 17:20:29
182,Olafsvik,64.89,-23.71,53.73,76,47,19.95,IS,2020-06-29 17:11:30
183,Sur,22.57,59.53,87.82,68,58,16.6,OM,2020-06-29 17:20:30
184,Deputatskiy,69.3,139.9,43.48,70,71,2.8,RU,2020-06-29 17:11:28
185,Nouadhibou,20.93,-17.03,77.0,61,0,20.8,MR,2020-06-29 17:12:19
186,Gazli,40.13,63.45,78.51,17,48,8.84,UZ,2020-06-29 17:20:30
187,Solikamsk,59.62,56.77,47.46,78,100,4.38,RU,2020-06-29 17:20:30
188,Fort-De-France,14.61,-61.07,87.8,66,20,16.11,MQ,2020-06-29 17:20:30
189,Longyearbyen,78.22,15.64,41.0,75,75,8.05,SJ,2020-06-29 17:11:25
190,Sobolevo,54.43,31.9,69.53,84,9,4.76,RU,2020-06-29 17:12:15
191,Kidal,18.44,1.41,105.76,6,0,10.87,ML,2020-06-29 17:20:30
192,Awbari,26.59,12.78,100.45,10,0,11.56,LY,2020-06-29 17:20:30
193,Chuy,-33.7,-53.46,55.51,70,100,13.67,UY,2020-06-29 17:11:55
194,Rafaela,-31.25,-61.49,62.01,73,100,3.0,AR,2020-06-29 17:20:30
195,Tamworth,52.63,-1.7,59.0,67,90,12.75,GB,2020-06-29 17:20:30
196,Grand Gaube,-20.01,57.66,68.0,83,0,5.99,MU,2020-06-29 17:20:31
197,Ambon,-3.7,128.18,77.9,85,99,9.84,ID,2020-06-29 17:20:31
198,Ryotsu,38.08,138.43,68.0,88,75,4.7,JP,2020-06-29 17:20:31
199,Baykit,61.67,96.37,62.44,72,81,2.51,RU,2020-06-29 17:12:09
200,Vestmannaeyjar,63.44,-20.27,51.8,87,75,6.93,IS,2020-06-29 17:20:31
201,Getulio Vargas,-32.68,-53.55,57.81,65,100,15.86,UY,2020-06-29 17:20:31
202,Sovetskiy,61.36,63.58,50.85,62,100,7.56,RU,2020-06-29 17:20:32
203,Cabo San Lucas,22.89,-109.91,86.0,74,40,11.41,MX,2020-06-29 17:09:02
204,Kamenka,51.32,42.77,72.0,74,12,9.82,RU,2020-06-29 17:20:32
205,Barcelona,41.39,2.16,80.01,78,40,10.29,ES,2020-06-29 17:17:23
206,Hasaki,35.73,140.83,70.0,100,75,5.82,JP,2020-06-29 17:11:36
207,Ponta Do Sol,32.67,-17.1,75.2,60,20,13.87,PT,2020-06-29 17:11:44
208,Puerto Madero,14.72,-92.42,89.6,66,40,6.93,MX,2020-06-29 17:20:32
209,Riyadh,24.69,46.72,105.8,9,7,9.17,SA,2020-06-29 17:07:06
210,Bichena,10.45,38.2,60.22,76,79,3.15,ET,2020-06-29 17:20:32
211,Port-Gentil,-0.72,8.78,75.2,83,90,10.29,GA,2020-06-29 17:11:59
212,Velykoploske,47.01,29.67,86.0,45,41,3.36,UA,2020-06-29 17:20:32
213,Maarianhamina,60.1,19.93,69.8,60,70,3.36,AX,2020-06-29 17:20:32
214,Hazaribag,23.98,85.35,80.19,73,47,4.94,IN,2020-06-29 17:20:33
215,Irbit,57.67,63.07,50.23,93,100,6.02,RU,2020-06-29 17:20:33
216,Lata,40.16,-8.33,82.0,81,0,5.99,PT,2020-06-29 17:11:31
217,Narsaq,60.92,-46.05,53.6,54,40,11.41,GL,2020-06-29 17:11:23
218,Talnakh,69.49,88.4,60.8,63,97,11.18,RU,2020-06-29 17:11:43
219,Alta Floresta,-9.88,-56.09,92.55,31,0,3.85,BR,2020-06-29 17:20:33
220,Qostanay,53.17,63.58,59.0,51,55,4.47,KZ,2020-06-29 17:20:33
221,Tanout,14.97,8.89,85.82,46,91,16.8,NE,2020-06-29 17:08:04
222,Sete,43.4,3.7,86.0,42,1,20.8,FR,2020-06-29 17:16:45
223,Camana,-16.62,-72.71,67.28,65,21,8.34,PE,2020-06-29 17:20:33
224,Faanui,-16.48,-151.75,77.83,76,100,23.31,PF,2020-06-29 17:11:31
225,Englewood,39.65,-104.99,87.01,13,75,18.34,US,2020-06-29 17:17:22
226,Kaeo,-35.1,173.78,53.01,3,43,10.0,NZ,2020-06-29 17:20:34
227,Waverley,-25.7,28.26,59.0,34,0,4.7,ZA,2020-06-29 17:20:34
228,Rocha,-34.48,-54.33,54.57,72,100,12.71,UY,2020-06-29 17:11:49
229,Mwaya,-9.55,33.95,73.74,69,1,2.06,TZ,2020-06-29 17:20:34
230,Bilma,18.69,12.92,102.24,8,0,10.4,NE,2020-06-29 17:11:42
231,Rapid Valley,44.06,-103.15,84.2,48,1,8.05,US,2020-06-29 17:20:34
232,Sao Paulo De Olivenca,-3.38,-68.87,84.38,76,67,1.1,BR,2020-06-29 17:20:34
233,Moroni,-11.7,43.26,77.34,76,3,7.99,KM,2020-06-29 17:20:34
234,Ganzhou,28.82,115.43,76.08,94,53,3.62,CN,2020-06-29 17:20:34
235,Arraial Do Cabo,-22.97,-42.03,73.4,64,75,10.29,BR,2020-06-29 17:11:11
236,Norman Wells,65.28,-126.83,66.2,52,40,3.36,CA,2020-06-29 17:11:57
237,Beloha,-25.17,45.05,65.46,94,5,4.72,MG,2020-06-29 17:20:35
238,Mar Del Plata,-38.0,-57.56,54.0,66,75,14.99,AR,2020-06-29 17:11:02
239,Matagami,49.75,-77.63,78.8,44,1,9.17,CA,2020-06-29 17:20:35
240,Vittoria,36.95,14.53,84.2,39,0,4.7,IT,2020-06-29 17:20:35
241,Esperance,-33.87,121.9,50.0,81,8,16.11,AU,2020-06-29 17:12:12
242,Marabba,12.35,32.18,98.06,24,2,4.18,SD,2020-06-29 17:20:35
243,Saint-Philippe,-21.36,55.77,70.0,77,45,8.75,RE,2020-06-29 17:11:20
244,Vinzili,56.96,65.77,50.0,100,40,6.71,RU,2020-06-29 17:20:35
245,Avera,33.19,-82.53,91.4,52,40,9.17,US,2020-06-29 17:20:36
246,Tazmalt,36.39,4.4,78.8,78,20,6.93,DZ,2020-06-29 17:20:36
247,Belmonte,-15.86,-38.88,77.0,73,75,8.05,BR,2020-06-29 17:20:36
248,Saskylakh,71.92,114.08,78.06,40,0,8.37,RU,2020-06-29 17:11:25
249,Yakeshi,49.28,120.73,56.43,90,40,4.9,CN,2020-06-29 17:20:36
250,Afonino,56.26,44.09,61.0,58,80,6.71,RU,2020-06-29 17:20:36
251,Sabang,5.89,95.32,83.39,76,100,8.39,ID,2020-06-29 17:20:36
252,Acari,-15.43,-74.62,74.59,41,50,7.7,PE,2020-06-29 17:20:36
253,Kruisfontein,-34.0,24.73,58.68,85,74,19.13,ZA,2020-06-29 17:11:15
254,Kulhudhuffushi,6.62,73.07,83.32,80,65,15.23,MV,2020-06-29 17:20:37
255,Calvinia,-31.47,19.78,49.42,61,7,2.35,ZA,2020-06-29 17:20:37
256,Khatanga,71.97,102.5,79.86,40,40,12.75,RU,2020-06-29 17:11:27
257,Yumen,40.28,97.2,74.32,31,99,20.15,CN,2020-06-29 17:20:37
258,Conner,17.8,121.33,75.51,87,100,2.84,PH,2020-06-29 17:20:37
259,Saint-Pierre,-21.34,55.48,70.0,77,11,2.1,RE,2020-06-29 17:12:01
260,Oistins,13.07,-59.53,87.8,66,40,16.11,BB,2020-06-29 17:19:34
261,Victor Harbor,-35.57,138.62,51.01,64,11,1.01,AU,2020-06-29 17:20:38
262,Iracoubo,5.48,-53.2,81.68,83,77,9.48,GF,2020-06-29 17:20:38
263,Korla,41.76,86.15,68.79,28,13,6.87,CN,2020-06-29 17:11:53
264,Itarema,-2.92,-39.92,84.15,69,6,14.5,BR,2020-06-29 17:11:59
265,Xiangxiang,27.73,112.53,77.85,95,100,1.23,CN,2020-06-29 17:20:38
266,Kashi,39.45,75.98,75.2,14,99,4.47,CN,2020-06-29 17:20:38
267,San Policarpo,12.18,125.51,78.08,83,99,6.44,PH,2020-06-29 17:11:43
268,Lakes Entrance,-37.88,147.98,43.66,73,5,5.21,AU,2020-06-29 17:20:39
269,San Francisco,37.77,-122.42,66.99,63,1,5.82,US,2020-06-29 17:20:00
270,Esmeralda,21.85,-78.12,91.4,59,75,9.17,CU,2020-06-29 17:20:39
271,Malartic,48.13,-78.13,81.0,47,20,2.24,CA,2020-06-29 17:20:39
272,Dzhebariki-Khaya,62.22,135.8,64.96,52,34,6.33,RU,2020-06-29 17:20:39
273,Cooma,-36.23,149.13,26.6,100,75,5.82,AU,2020-06-29 17:20:39
274,Kuala Selangor,3.35,101.25,82.4,78,20,2.24,MY,2020-06-29 17:20:39
275,Prince Rupert,54.32,-130.32,50.0,100,90,4.7,CA,2020-06-29 17:20:40
276,Vicosa,-20.75,-42.88,66.6,74,96,5.37,BR,2020-06-29 17:20:40
277,Tucuma,-0.18,-50.05,85.21,70,2,8.23,BR,2020-06-29 17:20:40
278,Linxia,35.6,103.21,61.29,66,15,1.54,CN,2020-06-29 17:11:54
279,Kloulklubed,7.04,134.26,77.0,94,75,6.91,PW,2020-06-29 17:11:51
280,Necochea,-38.55,-58.74,50.0,76,98,5.99,AR,2020-06-29 17:20:40
281,La Palma,33.85,-118.05,73.0,56,75,6.93,US,2020-06-29 17:20:40
282,Zaoyang,32.13,112.75,73.42,92,0,7.36,CN,2020-06-29 17:20:40
283,Coquimbo,-29.95,-71.34,60.42,73,100,8.84,CL,2020-06-29 17:08:03
284,Cedar City,37.68,-113.06,51.8,43,90,10.29,US,2020-06-29 17:20:40
285,Yalvac,38.3,31.18,74.53,38,1,4.61,TR,2020-06-29 17:20:41
286,Falam,22.92,93.68,62.19,100,40,3.2,MM,2020-06-29 17:20:41
287,Mayo,38.89,-76.51,89.01,51,1,11.41,US,2020-06-29 17:20:41
288,Morros,-9.45,-46.3,88.75,31,0,9.8,BR,2020-06-29 17:16:28
289,Moses Lake,47.13,-119.28,78.8,29,1,16.11,US,2020-06-29 17:20:41
290,Cherskiy,68.75,161.3,36.79,82,21,14.58,RU,2020-06-29 17:11:40
291,La Ronge,55.1,-105.28,60.8,72,90,12.75,CA,2020-06-29 17:12:20
292,Petropavlovsk-Kamchatskiy,53.05,158.65,44.6,100,100,4.47,RU,2020-06-29 17:20:41
293,Sao Joao Da Barra,-21.64,-41.05,75.2,77,75,9.17,BR,2020-06-29 17:11:39
294,Rio Grande,-32.03,-52.1,59.0,77,20,13.87,BR,2020-06-29 17:20:33
295,Lardos,36.09,28.02,80.6,57,20,16.11,GR,2020-06-29 17:20:41
296,Kaura Namoda,12.59,6.58,90.7,48,63,9.66,NG,2020-06-29 17:20:41
297,Russi,44.37,12.03,88.0,45,2,24.16,IT,2020-06-29 17:20:42
298,Diffa,13.32,12.61,96.12,31,90,5.23,NE,2020-06-29 17:20:42
299,Sirjan,29.45,55.68,81.14,14,0,11.74,IR,2020-06-29 17:20:42
300,Kermanshah,34.31,47.06,84.2,9,0,9.17,IR,2020-06-29 17:16:07
301,Tabou,4.42,-7.35,77.49,80,72,12.39,CI,2020-06-29 17:20:42
302,Clyde River,70.47,-68.59,44.6,81,20,14.99,CA,2020-06-29 17:11:55
303,Puerto Escondido,15.85,-97.07,87.8,66,75,3.36,MX,2020-06-29 17:20:42
304,Ormara,25.21,64.64,85.57,82,30,15.43,PK,2020-06-29 17:20:42
305,Catia La Mar,10.6,-67.03,86.0,74,20,5.82,VE,2020-06-29 17:20:43
306,Palmer,42.16,-72.33,78.01,69,75,6.87,US,2020-06-29 17:20:43
307,Berezovka,53.72,25.5,73.27,84,98,4.32,BY,2020-06-29 17:20:43
308,Pokhara,28.23,83.98,71.71,84,25,0.94,NP,2020-06-29 17:20:43
309,Rabo De Peixe,37.8,-25.58,69.8,88,40,10.29,PT,2020-06-29 17:20:43
310,Lewistown,40.6,-77.57,88.0,54,75,4.7,US,2020-06-29 17:10:19
311,Road Town,18.42,-64.62,87.8,66,40,8.05,VG,2020-06-29 17:20:43
312,Coihueco,-36.62,-71.83,48.2,100,90,14.99,CL,2020-06-29 17:11:25
313,Jaguarao,-32.57,-53.38,58.1,66,100,16.73,BR,2020-06-29 17:20:43
314,Zyryanovsk,49.74,84.27,52.11,68,100,2.59,KZ,2020-06-29 17:20:44
315,Boguchany,58.38,97.45,64.71,77,77,4.27,RU,2020-06-29 17:20:44
316,Vostok,46.49,135.88,50.58,99,50,2.86,RU,2020-06-29 17:20:44
317,Salalah,17.02,54.09,84.2,89,75,9.17,OM,2020-06-29 17:11:45
318,Uruzgan,32.83,66.0,75.36,25,9,3.27,AF,2020-06-29 17:20:44
319,Kraljevo,43.73,20.69,86.0,51,20,6.93,RS,2020-06-29 17:20:44
320,Sungaipenuh,-2.08,101.38,65.75,96,74,3.29,ID,2020-06-29 17:11:37
321,Straumen,63.87,11.3,64.4,68,40,8.05,NO,2020-06-29 17:20:45
322,Mariveles,14.48,120.48,82.4,88,20,8.05,PH,2020-06-29 17:20:45
323,Namatanai,-3.67,152.43,78.98,81,39,5.41,PG,2020-06-29 17:11:51
324,Trofors,65.53,13.41,69.8,64,75,2.24,NO,2020-06-29 17:20:45
325,Katherine,-14.47,132.27,62.6,55,37,4.7,AU,2020-06-29 17:20:45
326,Lagoa,39.05,-27.98,67.8,95,10,11.07,PT,2020-06-29 17:11:54
327,Yambio,4.57,28.4,73.54,82,32,3.02,SS,2020-06-29 17:20:45
328,Goderich,43.75,-81.72,73.99,74,3,9.57,CA,2020-06-29 17:11:14
329,Zhangye,38.93,100.45,77.07,21,93,3.58,CN,2020-06-29 17:20:45
330,Mitu,1.2,-70.17,84.72,63,97,2.89,CO,2020-06-29 17:20:27
331,Fairbanks,64.84,-147.72,55.0,87,90,6.35,US,2020-06-29 17:09:42
332,Buncrana,55.13,-7.45,59.0,72,75,19.46,IE,2020-06-29 17:16:43
333,Vao,-22.67,167.48,68.4,63,65,16.58,NC,2020-06-29 17:11:12
334,Emerald,-23.53,148.17,51.8,76,61,6.93,AU,2020-06-29 17:20:46
335,Nantucket,41.28,-70.1,71.6,83,90,6.93,US,2020-06-29 17:09:39
336,Zakupne,49.12,26.34,81.0,64,16,1.99,UA,2020-06-29 17:20:46
337,Iquique,-20.22,-70.14,62.6,63,20,18.34,CL,2020-06-29 17:19:00
338,Praia Da Vitoria,38.73,-27.07,71.6,88,75,14.38,PT,2020-06-29 17:12:18
339,Aksu,41.12,80.26,70.83,25,0,5.86,CN,2020-06-29 17:20:46
340,Beringovskiy,63.05,179.32,43.05,78,98,7.45,RU,2020-06-29 17:12:04
341,Dwarka,22.24,68.97,87.55,77,18,11.65,IN,2020-06-29 17:20:46
342,Poli,-3.33,36.8,75.2,56,20,5.82,TZ,2020-06-29 17:20:47
343,Harboore,56.62,8.18,60.01,81,96,1.99,DK,2020-06-29 17:20:47
344,Naze,28.37,129.48,80.6,94,75,10.29,JP,2020-06-29 17:12:28
345,Mantua,45.17,10.78,91.0,50,23,3.0,IT,2020-06-29 17:20:47
346,Turayf,31.67,38.66,89.6,25,0,11.41,SA,2020-06-29 17:20:47
347,Leningradskiy,69.38,178.42,32.13,98,98,3.29,RU,2020-06-29 17:11:52
348,Surgut,61.25,73.42,53.6,100,40,6.71,RU,2020-06-29 17:20:48
349,Mandalgovi,45.76,106.27,62.62,65,37,12.12,MN,2020-06-29 17:20:48
350,Saint-Augustin,51.23,-58.65,65.12,62,48,12.01,CA,2020-06-29 17:12:10
351,Hami,42.8,93.45,81.73,21,96,9.75,CN,2020-06-29 17:11:13
352,Arandis,-22.42,14.97,61.0,81,0,1.99,NA,2020-06-29 17:20:48
353,Coari,-4.08,-63.14,85.57,70,86,1.39,BR,2020-06-29 17:20:48
354,Tchaourou,8.89,2.6,79.92,82,74,5.3,BJ,2020-06-29 17:20:48
355,Sinnamary,5.38,-52.95,83.71,74,67,9.06,GF,2020-06-29 17:20:48
356,Orlik,52.52,99.83,54.59,79,46,1.12,RU,2020-06-29 17:20:48
357,Ixtapa,20.7,-105.2,87.01,74,90,9.17,MX,2020-06-29 17:20:48
358,Marsa Matruh,31.35,27.25,77.0,78,20,11.41,EG,2020-06-29 17:20:48
359,Elko,41.0,-115.5,53.01,50,88,14.0,US,2020-06-29 17:20:48
360,Jeronimo Monteiro,-20.79,-41.4,69.12,81,94,4.68,BR,2020-06-29 17:20:49
361,Kokopo,-4.35,152.26,76.78,86,78,6.51,PG,2020-06-29 17:20:49
362,Gamba,-2.65,10.0,73.83,78,70,8.03,GA,2020-06-29 17:20:49
363,Kasongo-Lunda,-6.47,16.82,83.95,29,62,3.85,CD,2020-06-29 17:20:49
364,Bambous Virieux,-20.34,57.76,69.8,88,75,2.24,MU,2020-06-29 17:12:03
365,Sangar,63.92,127.47,67.19,47,6,3.29,RU,2020-06-29 17:20:49
366,Padang,-0.95,100.35,79.29,80,95,4.34,ID,2020-06-29 17:11:45
367,Atar,20.52,-13.05,111.18,6,0,17.83,MR,2020-06-29 17:11:53
368,Ngunguru,-35.62,174.5,53.01,92,71,1.99,NZ,2020-06-29 17:20:49
369,Talmenka,53.82,83.57,66.2,34,40,11.18,RU,2020-06-29 17:20:49
370,Guane,22.2,-84.09,91.31,54,100,7.18,CU,2020-06-29 17:20:50
371,Muravlenko,63.79,74.52,53.85,93,97,9.26,RU,2020-06-29 17:20:50
372,Tsiroanomandidy,-18.77,46.03,65.68,55,0,3.69,MG,2020-06-29 17:20:50
373,Rundu,-17.93,19.77,73.4,10,0,5.82,NA,2020-06-29 17:20:50
374,Hanover,52.37,9.73,72.0,40,42,13.87,DE,2020-06-29 17:16:37
375,Kuito,-12.38,16.93,63.1,31,0,4.59,AO,2020-06-29 17:20:50
376,Airai,-8.93,125.41,55.36,100,77,3.49,TL,2020-06-29 17:11:15
377,Fartura,-23.39,-49.51,69.42,67,100,8.63,BR,2020-06-29 17:20:50
378,Nioro,13.35,-15.75,100.17,30,0,11.77,GM,2020-06-29 17:12:20
379,Rosarito,32.33,-117.03,62.01,93,90,10.29,MX,2020-06-29 17:20:51
380,Saldanha,-33.01,17.94,62.6,77,81,3.36,ZA,2020-06-29 17:12:02
381,Moron,-34.65,-58.62,59.0,54,92,17.22,AR,2020-06-29 17:07:23
382,Kudahuvadhoo,2.67,72.89,83.88,75,28,9.57,MV,2020-06-29 17:20:51
383,Constitucion,-35.33,-72.42,53.94,84,100,10.25,CL,2020-06-29 17:11:38
384,Lorengau,-2.02,147.27,81.9,74,16,5.59,PG,2020-06-29 17:11:12
385,Hovd,48.01,91.64,73.4,35,95,6.62,MN,2020-06-29 17:20:51
386,Nanortalik,60.14,-45.24,42.85,83,17,6.76,GL,2020-06-29 17:11:38
387,Otavi,-19.65,17.33,59.56,26,0,8.79,NA,2020-06-29 17:20:51
388,Umm Kaddadah,13.6,26.69,98.13,21,5,6.82,SD,2020-06-29 17:12:28
389,Olonets,60.98,32.97,64.29,56,21,4.07,RU,2020-06-29 17:12:17
390,Richards Bay,-28.78,32.04,63.32,75,13,2.86,ZA,2020-06-29 17:20:52
391,Kattivakkam,13.22,80.32,86.0,84,20,6.93,IN,2020-06-29 17:20:52
392,Aquiraz,-3.9,-38.39,84.2,62,75,13.87,BR,2020-06-29 17:20:52
393,Calbuco,-41.77,-73.13,48.2,76,75,2.24,CL,2020-06-29 17:20:52
394,Geraldton,-28.77,114.6,60.8,77,40,8.05,AU,2020-06-29 17:11:38
395,Dingle,11.0,122.67,77.83,83,100,1.9,PH,2020-06-29 17:11:11
396,Opuwo,-18.06,13.84,66.2,27,0,9.28,NA,2020-06-29 17:20:52
397,Colon,9.36,-79.9,88.0,70,79,8.01,PA,2020-06-29 17:20:52
398,Yerbogachen,61.28,108.01,69.37,58,59,3.31,RU,2020-06-29 17:20:52
399,Mbekenyera,-10.0,38.98,71.53,74,9,7.31,TZ,2020-06-29 17:20:53
400,Khani,41.96,42.96,75.2,73,40,8.05,GE,2020-06-29 17:20:53
401,Kochubey,44.39,46.58,76.35,39,0,14.92,RU,2020-06-29 17:20:53
402,Arman,59.7,150.17,49.26,90,30,4.23,RU,2020-06-29 17:20:53
403,Vilhena,-12.74,-60.15,87.8,48,29,10.29,BR,2020-06-29 17:20:53
404,Pangody,65.85,74.49,54.9,88,72,12.46,RU,2020-06-29 17:20:53
405,Saint-Georges,12.06,-61.75,86.0,74,20,21.92,GD,2020-06-29 17:20:53
406,Pumiao,22.75,108.48,82.4,83,83,2.24,CN,2020-06-29 17:20:53
407,Abashiri,44.02,144.27,55.0,84,89,1.01,JP,2020-06-29 17:20:53
408,Saint Peter,13.25,-59.62,87.8,66,40,16.11,BB,2020-06-29 17:20:53
409,Novorzhev,57.03,29.33,72.43,76,86,4.41,RU,2020-06-29 17:20:53
410,Edd,13.93,41.69,91.83,54,95,5.7,ER,2020-06-29 17:20:53
411,Henties Bay,-22.12,14.28,61.0,81,0,1.99,NA,2020-06-29 17:11:43
412,Te Anau,-45.42,167.72,39.88,84,85,2.21,NZ,2020-06-29 17:11:28
413,Ambovombe,-25.17,46.08,66.83,91,0,4.14,MG,2020-06-29 17:20:54
414,Bubaque,11.28,-15.83,82.26,76,46,12.71,GW,2020-06-29 17:11:39
415,Kuching,1.55,110.33,77.0,94,40,3.36,MY,2020-06-29 17:18:16
416,Harnosand,62.63,17.94,72.0,64,80,11.41,SE,2020-06-29 17:20:54
417,Chifeng,42.27,118.96,66.92,74,91,3.44,CN,2020-06-29 17:20:54
418,Marawi,8.0,124.29,73.99,91,100,5.01,PH,2020-06-29 17:20:54
419,Dhali,10.5,77.17,77.0,83,40,9.17,IN,2020-06-29 17:19:06
420,Vila,42.03,-8.16,80.01,37,5,8.99,PT,2020-06-29 17:20:55
421,Sitka,57.05,-135.33,51.8,93,90,4.76,US,2020-06-29 17:09:18
422,Sorland,67.67,12.69,50.0,76,0,39.15,NO,2020-06-29 17:20:55
423,Nautla,20.22,-96.78,87.96,57,6,6.33,MX,2020-06-29 17:12:11
424,Lisakovsk,52.54,62.49,58.53,50,100,6.51,KZ,2020-06-29 17:20:55
425,Emmett,43.87,-116.5,53.01,90,100,4.5,US,2020-06-29 17:16:46
426,Bathsheba,13.22,-59.52,87.8,66,40,16.11,BB,2020-06-29 17:12:23
427,Honiara,-9.43,159.95,75.2,100,75,2.24,SB,2020-06-29 17:20:55
428,Huarmey,-10.07,-78.15,69.39,65,83,12.37,PE,2020-06-29 17:12:05
429,Vila Franca Do Campo,37.72,-25.43,69.8,88,40,10.29,PT,2020-06-29 17:20:55
430,Manadhoo,5.77,73.38,83.57,79,96,13.13,MV,2020-06-29 17:20:55
431,Luderitz,-26.65,15.16,64.4,63,0,14.99,NA,2020-06-29 17:11:22
432,Coihaique,-45.58,-72.07,33.8,86,90,2.24,CL,2020-06-29 17:11:55
433,San Patricio,19.22,-104.7,86.0,79,20,6.93,MX,2020-06-29 17:06:19
434,Freeport,40.66,-73.58,86.0,51,40,9.17,US,2020-06-29 17:20:56
435,Beyneu,45.32,55.2,82.53,18,3,7.14,KZ,2020-06-29 17:20:56
436,Shingu,33.73,135.98,71.15,75,100,3.8,JP,2020-06-29 17:11:27
437,Dzerzhinsk,56.24,43.46,61.0,58,56,6.71,RU,2020-06-29 17:20:56
438,Joshimath,30.57,79.57,65.77,58,55,0.45,IN,2020-06-29 17:20:56
439,Mhlume,-26.03,31.85,62.6,63,11,1.12,SZ,2020-06-29 17:20:56
440,Cap Malheureux,-19.98,57.61,68.0,83,0,5.99,MU,2020-06-29 17:20:56
441,Malatya,38.5,38.0,82.4,28,0,5.82,TR,2020-06-29 17:20:56
442,Salinopolis,-0.61,-47.36,83.46,77,50,12.8,BR,2020-06-29 17:12:08
443,Marystown,47.17,-55.15,56.05,95,100,14.72,CA,2020-06-29 17:20:56
444,Huanren,41.26,125.37,63.23,91,100,2.35,CN,2020-06-29 17:20:56
445,Iqaluit,63.75,-68.51,39.2,80,75,14.99,CA,2020-06-29 17:11:30
446,Mimongo,-1.62,11.61,72.72,79,77,4.32,GA,2020-06-29 17:17:06
447,Mount Gambier,-37.83,140.77,46.4,81,43,14.99,AU,2020-06-29 17:11:28
448,Solnechnyy,50.72,136.63,56.98,62,83,3.27,RU,2020-06-29 17:11:26
449,Novikovo,51.15,37.89,68.67,83,0,11.07,RU,2020-06-29 17:11:28
450,Yamada,39.47,141.95,62.62,88,100,3.42,JP,2020-06-29 17:20:57
451,Pasir Gudang,1.46,103.88,84.2,78,75,3.36,MY,2020-06-29 17:20:57
452,Dunedin,-45.87,170.5,44.01,84,81,3.0,NZ,2020-06-29 17:20:57
453,Wembley,-31.93,115.8,62.01,67,20,8.05,AU,2020-06-29 17:20:57
454,Garowe,8.41,48.48,88.45,36,13,16.42,SO,2020-06-29 17:20:57
455,Kilindoni,-7.91,39.67,78.01,83,64,12.06,TZ,2020-06-29 17:20:58
456,Biltine,14.53,20.92,96.42,26,49,14.58,TD,2020-06-29 17:20:58
457,Saint Anthony,45.02,-93.22,69.8,83,1,13.87,US,2020-06-29 17:11:22
458,Les Cayes,18.2,-73.75,86.11,69,27,9.28,HT,2020-06-29 17:20:58
459,Bagdarin,54.43,113.6,55.35,85,98,3.53,RU,2020-06-29 17:20:58
460,Isangel,-19.55,169.27,68.85,70,0,13.0,VU,2020-06-29 17:11:48
461,Saint Andrews,34.05,-81.13,91.99,55,40,8.05,US,2020-06-29 17:20:58
462,Yulara,-25.24,130.99,41.0,38,0,5.82,AU,2020-06-29 17:11:40
463,Iberia,29.95,-91.75,89.6,70,75,13.87,US,2020-06-29 17:20:58
464,Muriwai Beach,-36.82,174.45,52.0,98,97,6.73,NZ,2020-06-29 17:20:58
465,Maceio,-9.67,-35.74,82.4,69,75,8.05,BR,2020-06-29 17:11:12
466,Bud,39.45,-86.18,86.0,81,99,3.09,US,2020-06-29 17:20:59
467,Dubbo,-32.25,148.62,44.6,100,0,12.75,AU,2020-06-29 17:20:59
468,Bhor,18.17,73.85,75.18,88,100,4.65,IN,2020-06-29 17:20:59
469,Porto Novo,6.5,2.6,80.6,83,40,17.22,BJ,2020-06-29 17:20:59
470,Saint-Denis,48.92,2.33,69.8,37,67,14.99,FR,2020-06-29 17:20:59
471,Shorapani,42.09,43.09,75.2,73,40,8.05,GE,2020-06-29 17:20:59
472,Poltava,49.59,34.54,71.02,81,0,7.99,UA,2020-06-29 17:18:03
473,Kavieng,-2.57,150.8,82.27,79,52,9.69,PG,2020-06-29 17:11:15
474,Natchitoches,31.77,-93.13,86.0,74,75,10.29,US,2020-06-29 17:20:59
475,Malampaka,-3.13,33.53,74.8,33,21,7.92,TZ,2020-06-29 17:20:59
476,Basco,20.45,121.97,84.63,78,100,10.94,PH,2020-06-29 17:21:00
477,Misratah,32.38,15.09,80.65,54,0,11.54,LY,2020-06-29 17:21:00
478,Mweka,-4.85,21.57,82.31,38,25,0.78,CD,2020-06-29 17:21:00
479,La Reforma,25.08,-108.05,91.99,60,100,4.0,MX,2020-06-29 17:21:00
480,Verkhoyansk,67.54,133.38,55.15,43,69,4.74,RU,2020-06-29 17:12:07
481,Arrifes,37.77,-25.7,69.8,88,40,10.29,PT,2020-06-29 17:21:00
482,Heyang,26.1,107.47,72.03,94,100,3.67,CN,2020-06-29 17:21:00
483,Pacific Grove,36.62,-121.92,64.99,63,1,4.7,US,2020-06-29 17:10:53
484,Falakata,26.52,89.21,79.74,85,0,2.35,IN,2020-06-29 17:21:00
485,Santa Rosa,14.31,121.11,82.4,83,40,1.12,PH,2020-06-29 17:21:01
486,Dali,25.7,100.18,65.17,87,96,5.66,CN,2020-06-29 17:12:08
487,Campobasso,41.63,14.58,87.01,50,0,1.01,IT,2020-06-29 17:21:01
488,Vakhrushev,48.98,142.97,50.07,86,41,2.93,RU,2020-06-29 17:21:01
489,Mount Isa,-20.73,139.5,51.8,62,2,5.82,AU,2020-06-29 17:21:01
490,Bambanglipuro,-7.95,110.28,76.44,84,42,10.58,ID,2020-06-29 17:21:01
491,Port Hawkesbury,45.62,-61.35,64.4,93,90,8.05,CA,2020-06-29 17:08:12
492,Luanda,-8.84,13.23,73.4,83,4,9.17,AO,2020-06-29 17:20:39
493,Sakakah,29.97,40.21,95.0,12,0,9.17,SA,2020-06-29 17:21:02
494,Shache,38.42,77.24,72.64,17,37,6.31,CN,2020-06-29 17:21:02
495,Ponta Delgada,37.73,-25.67,69.8,88,40,10.29,PT,2020-06-29 17:21:02
496,Pitimbu,-7.47,-34.81,82.4,74,75,13.87,BR,2020-06-29 17:12:14
497,Angoram,-4.06,144.07,72.95,98,100,1.99,PG,2020-06-29 17:21:02
498,Lazaro Cardenas,17.96,-102.2,88.86,54,0,3.2,MX,2020-06-29 17:21:02
499,Empalme,27.97,-110.82,93.0,66,5,11.41,MX,2020-06-29 17:21:02
500,Careiro Da Varzea,-3.2,-59.81,87.8,70,40,3.36,BR,2020-06-29 17:21:02
501,Dzaoudzi,-12.79,45.27,77.0,83,0,5.82,YT,2020-06-29 17:21:03
502,Athabasca,54.72,-113.29,56.93,86,100,4.5,CA,2020-06-29 17:16:41
503,Sawtell,-30.38,153.1,48.99,93,40,4.7,AU,2020-06-29 17:21:03
504,San Rafael Del Sur,11.85,-86.44,87.8,62,40,13.87,NI,2020-06-29 17:21:03
505,Hailar,49.2,119.7,59.04,84,43,6.67,CN,2020-06-29 17:21:03
506,Ahuimanu,21.44,-157.84,77.0,78,90,6.93,US,2020-06-29 17:17:16
507,Lalin,42.72,-8.12,77.0,56,20,13.87,ES,2020-06-29 17:21:03
508,Taoudenni,22.68,-3.98,115.86,6,34,9.08,ML,2020-06-29 17:21:03
509,Yei,4.09,30.68,70.9,88,93,2.01,SS,2020-06-29 17:21:03
510,Kamen-Na-Obi,53.79,81.34,64.31,57,48,7.81,RU,2020-06-29 17:21:04
511,Kvarkeno,52.08,59.73,57.18,66,100,6.82,RU,2020-06-29 17:21:04
512,Bara,10.37,10.73,80.04,68,100,8.75,NG,2020-06-29 17:21:04
513,Dudinka,69.41,86.18,60.8,63,98,11.18,RU,2020-06-29 17:21:04
514,Jequie,-13.86,-40.08,80.19,54,76,5.91,BR,2020-06-29 17:21:04
515,Tsarychanka,48.94,34.48,73.29,74,8,7.56,UA,2020-06-29 17:21:04
516,Atambua,-9.11,124.89,68.11,88,88,5.59,ID,2020-06-29 17:12:11
517,Horta,38.53,-28.63,75.2,78,40,9.17,PT,2020-06-29 17:21:05
518,Comodoro Rivadavia,-45.87,-67.5,41.0,86,90,16.11,AR,2020-06-29 17:12:08
519,Kavali,14.92,79.98,87.08,69,100,10.27,IN,2020-06-29 17:21:05
520,Mayumba,-3.43,10.66,73.65,79,51,7.49,GA,2020-06-29 17:21:05
521,Okha,53.57,142.95,45.16,94,45,1.79,RU,2020-06-29 17:21:05
522,Vidim,56.41,103.11,62.4,62,0,0.83,RU,2020-06-29 17:12:25
523,Hisar,29.17,75.72,102.06,25,31,3.96,IN,2020-06-29 17:21:05
524,Karratha,-20.74,116.85,70.52,57,31,9.01,AU,2020-06-29 17:11:24
525,Bethel,41.37,-73.41,81.0,61,40,9.17,US,2020-06-29 17:11:13
526,Masumbwe,-3.63,32.18,73.89,37,52,3.65,TZ,2020-06-29 17:11:45
527,Tadine,-21.55,167.88,66.24,70,0,14.43,NC,2020-06-29 17:21:06
528,Ust-Kulom,61.69,53.69,45.34,69,72,5.77,RU,2020-06-29 17:12:23
529,Tura,25.52,90.22,75.42,96,56,4.05,IN,2020-06-29 17:11:46
530,Vilyuysk,63.76,121.62,66.29,56,0,4.52,RU,2020-06-29 17:21:07
531,Camabatela,-8.19,15.38,74.26,33,12,4.41,AO,2020-06-29 17:21:07
532,Nicoya,10.15,-85.45,86.0,74,75,5.82,CR,2020-06-29 17:21:07
533,Krasnoselkup,65.7,82.47,61.65,55,95,15.64,RU,2020-06-29 17:21:07
534,Laguna,38.42,-121.42,78.01,29,1,18.34,US,2020-06-29 17:20:04
535,Cedar Rapids,42.01,-91.64,84.0,78,90,12.75,US,2020-06-29 17:18:28
536,Tacuarembo,-31.73,-55.98,54.84,84,100,12.3,UY,2020-06-29 17:20:26
537,Sorong,-0.88,131.25,77.76,81,100,2.39,ID,2020-06-29 17:17:33
538,Steinbach,50.17,8.57,75.2,33,2,16.11,DE,2020-06-29 17:21:08
539,Okhotsk,59.38,143.3,47.01,93,5,4.85,RU,2020-06-29 17:12:23
540,Praia,14.92,-23.51,86.0,51,20,17.22,CV,2020-06-29 17:20:52
541,Loncoche,-39.37,-72.63,50.0,100,90,3.36,CL,2020-06-29 17:21:08
542,Puerto Ayacucho,5.66,-67.62,80.6,78,75,3.36,VE,2020-06-29 17:12:15
543,Los Llanos De Aridane,28.66,-17.92,75.2,69,40,17.22,ES,2020-06-29 17:12:25
544,Husavik,66.04,-17.34,50.0,76,75,14.99,IS,2020-06-29 17:11:27
545,Yamethin,20.43,96.15,78.89,79,76,8.81,MM,2020-06-29 17:21:08
546,Aykhal,66.0,111.5,71.6,37,0,6.71,RU,2020-06-29 17:21:08
547,Pedra Azul,-16.01,-41.3,73.53,61,73,7.14,BR,2020-06-29 17:21:08
548,Port Blair,11.67,92.75,81.3,82,100,15.84,IN,2020-06-29 17:11:37
549,Kambove,-10.88,26.6,65.73,40,13,4.05,CD,2020-06-29 17:21:09
550,Rongcheng,30.63,117.85,75.24,93,97,0.78,CN,2020-06-29 17:21:09
551,Markova,48.68,24.41,78.8,69,75,2.98,UA,2020-06-29 17:21:09
552,Lethem,3.38,-59.8,85.77,68,62,2.1,GY,2020-06-29 17:21:09
553,Presidencia Roque Saenz Pena,-26.79,-60.44,68.02,55,66,5.95,AR,2020-06-29 17:21:09
554,Novopokrovka,49.84,36.55,73.4,69,20,4.47,UA,2020-06-29 17:21:09
555,Asau,46.43,26.4,70.0,82,68,1.61,RO,2020-06-29 17:21:09
556,Port Macquarie,-31.43,152.92,46.99,97,10,5.23,AU,2020-06-29 17:21:09
557,Atikokan,48.76,-91.62,75.76,60,99,10.07,CA,2020-06-29 17:21:10
558,Launceston,-41.45,147.17,42.8,93,90,0.72,AU,2020-06-29 17:16:33
559,Antsohihy,-14.88,47.99,72.16,72,18,4.09,MG,2020-06-29 17:21:10
560,Linguere,15.4,-15.12,102.51,22,0,12.21,SN,2020-06-29 17:21:10
561,Uyemskiy,64.47,40.85,55.4,58,40,4.47,RU,2020-06-29 17:21:10
562,Can Tho,10.03,105.78,76.6,88,100,3.91,VN,2020-06-29 17:21:10
563,Ilhabela,-23.78,-45.36,69.17,77,92,11.25,BR,2020-06-29 17:21:10
564,Port Augusta,-32.5,137.77,48.2,49,0,14.99,AU,2020-06-29 17:21:10
565,Shaoguan,24.8,113.58,78.55,82,99,2.1,CN,2020-06-29 17:21:10
566,Xuddur,4.12,43.89,79.16,62,19,11.74,SO,2020-06-29 17:21:11
567,Tutoia,-2.76,-42.27,83.39,79,50,7.92,BR,2020-06-29 17:21:11
568,Lensk,60.73,114.93,64.8,68,11,3.4,RU,2020-06-29 17:21:11
569,Luena,-11.78,19.92,77.0,47,0,6.93,AO,2020-06-29 17:21:11
570,Chabahar,25.29,60.64,86.16,84,0,12.06,IR,2020-06-29 17:11:59
571,Umm Lajj,25.02,37.27,87.04,48,1,7.63,SA,2020-06-29 17:12:01
572,Wahiawa,21.5,-158.02,75.2,88,1,4.07,US,2020-06-29 17:21:11
573,Svetlogorsk,52.63,29.73,73.87,73,12,3.15,BY,2020-06-29 17:11:24
574,Santa Lucia,27.91,-15.54,78.01,65,20,33.33,ES,2020-06-29 17:21:11
575,Puerto Colombia,10.99,-74.95,87.8,70,40,2.24,CO,2020-06-29 17:21:11
576,Evensk,61.95,159.23,48.18,90,99,1.48,RU,2020-06-29 17:21:11
577,Marau,-28.45,-52.2,56.95,84,100,1.63,BR,2020-06-29 17:18:44
578,Hokitika,-42.72,170.97,42.85,71,0,5.44,NZ,2020-06-29 17:21:12
